identifier,name,title,description,webService,dataDictionary,keyword,modified,publisher,contactPoint,mbox,accessLevel,landingPage,temporal,api,version,bureauCode,programCode,accessLevelComment,license,spatial,theme,dataQuality,accrualPeriodicity,language,primaryITInvestmentUII,references,issued,systemOfRecords,recordCount,depDate,depApiMessage,depWebMessage,depNewURL,hash,lastRefresh,id,lastDataSetRefresh,distribution
openfema-78,NfipMultipleLossProperties,NFIP Multiple Loss Properties,"This dataset provides information on structures that have had multiple National Flood Insurance (NFIP) claims across the history of the program. The data contains NFIP-insured structures that fall within the four categories of Repetitive Loss and Severe Repetitive Loss that FEMA tracks. Definitions of these categories are provided in the field descriptions. There are also fields to show whether a structure is currently NFIP-insured, has been mitigated, and other characteristics. The data includes properties that have since been mitigated or demolished and may no longer considered to be in any of the listed categories.
An online map of this data can be found on FEMA's ArcGIS Online platform: https://fema.maps.arcgis.com/home/webmap/viewer.html?webmap=872bbaf7dfbb48cb88d244c7123e4d9d
Location information has been redacted to protect personal privacy. Location information is derived from reported address, geocoding of that address, and reported NFIP community. Because NFIP insurance claims data spans the history of the NFIP, many of the structures have poor address information resulting in poor or missing coordinates and additional location fields that rely on those coordinates. An effort has been made to fill in missing data and resolve conflicts between state, county, community, and census block group. Because of this effort, <em>statistics derived from this data may differ from those reported elsewhere by FEMA or others</em>.
There is a lot of interest in this data as it touches many program areas of the NFIP and serves as an indicator of flood risk and mitigation need.

FEMA's terms and conditions and citation requirements for datasets (API usage or file downloads) can be found on the OpenFEMA Terms and Conditions page: https://www.fema.gov/about/openfema/terms-conditions.

For answers to Frequently Asked Questions (FAQs) about the OpenFEMA program, API, and publicly available datasets, please visit: https://www.fema.gov/about/openfema/faq.

If you have media inquiries about this dataset, please email the FEMA Press Office at FEMA-Press-Office@fema.dhs.gov or call (202) 646-3272. For inquiries about FEMA's data and Open Government program, please email the OpenFEMA team at OpenFEMA@fema.dhs.gov.",https://www.fema.gov/api/open/v1/NfipMultipleLossProperties,https://www.fema.gov/openfema-data-page/NFIP-Multiple-Loss-Properties-v1,"['NFIP', 'Insurance', 'Flood', 'Repetitive Loss', 'Damage', 'Disaster', 'Severe Repetitive Loss']",2024-02-27T00:00:00.000Z,Federal Emergency Management Agency,OpenFEMA,openfema@fema.gov,public,https://www.fema.gov/flood-insurance,1978-01-01/,True,1,['024:70'],['024:039'],,,,National Flood Insurance Program,true,R/P1Y,en-US,,['https://agents.floodsmart.gov/sites/default/files/fema_nfip-policyholders-guide-severe-repetitive-loss_brochure_07-2023.pdf'],2024-02-12T00:00:00.000Z,,257374,,,,,c6474d2bed656468b54afcb63f3da841959535a5,2024-11-21T14:40:15.168Z,f3cfd1cd-ea0d-455c-bfcd-f99625ecd393,2024-12-17T20:40:57.000Z,"[{'format': 'csv', 'accessURL': 'https://www.fema.gov/api/open/v1/NfipMultipleLossProperties.csv', 'datasetSize': 'small (10MB - 50MB)'}, {'format': 'json', 'accessURL': 'https://www.fema.gov/api/open/v1/NfipMultipleLossProperties.json', 'datasetSize': 'small (10MB - 50MB)'}, {'format': 'jsona', 'accessURL': 'https://www.fema.gov/api/open/v1/NfipMultipleLossProperties.jsona', 'datasetSize': 'small (10MB - 50MB)'}, {'format': 'parquet', 'accessURL': 'https://www.fema.gov/api/open/v1/NfipMultipleLossProperties.parquet', 'datasetSize': 'tiny (< 10MB)'}]"
openfema-86,NfipResidentialPenetrationRates,NFIP Residential Penetration Rates,"NFIP ""take-up rates"" or residential penetration rates are an estimate of the percentage of total residential structures covered by an NFIP policy. The NFIP residential penetration rate within an area, such as a county, is the ratio of insured residential structures to total residential structures in that area. Private flood insurance take-up rates are not available to FEMA and therefore, are not included in these estimates. This data can be used for various planning purposes to evaluate community resilience and residual flood risk, help states better understand areas vulnerable to flooding and provide guidance for flood insurance marketing. FEMA derives the number of total residential structures from the 2019 National Structure Inventory (NSI) 2022. 

Data in this report pertains to RESIDENTIAL properties only.
Incompleteness of NSI 2022 in some counties and communities can lead to the tables showing lower than actual numbers of total residential building stock and inflate the penetration rate, sometimes over 100%.  
FEMA's terms and conditions and citation requirements for datasets (API usage or file downloads) can be found on the OpenFEMA Terms and Conditions page: https://www.fema.gov/about/openfema/terms-conditions.
For answers to Frequently Asked Questions (FAQs) about the OpenFEMA program, API, and publicly available datasets, please visit: https://www.fema.gov/about/openfema/faq.

If you have media inquiries about this dataset, please email the FEMA Press Office at FEMA-Press-Office@fema.dhs.gov or call (202) 646-3272. For inquiries about FEMA's data and Open Government program, please email the OpenFEMA team at OpenFEMA@fema.dhs.gov.",https://www.fema.gov/api/open/v1/NfipResidentialPenetrationRates,https://www.fema.gov/openfema-data-page/nfip-residential-penetration-rates-v1,"['nfip', 'rates', 'nsi', 'residential structures', 'policies']",2025-05-20T00:00:00.000Z,Federal Emergency Management Agency,OpenFEMA,openfema@fema.gov,public,https://www.fema.gov/flood-insurance,,True,1,['024:70'],['024:039'],,,,National Flood Insurance Program,true,R/P3M,en-US,,[''],2024-11-08T00:00:00.000Z,,3162,,,,,402b07b9235ecb551c489e1afcd1c0f09a2d19f8,2025-07-08T16:20:58.984Z,6c012a78-dbc8-4474-8043-572e0d5e1ca0,2025-07-08T17:00:58.678Z,"[{'format': 'csv', 'accessURL': 'https://www.fema.gov/api/open/v1/NfipResidentialPenetrationRates.csv', 'datasetSize': 'tiny (< 10MB)'}, {'format': 'json', 'accessURL': 'https://www.fema.gov/api/open/v1/NfipResidentialPenetrationRates.json', 'datasetSize': 'tiny (< 10MB)'}, {'format': 'jsona', 'accessURL': 'https://www.fema.gov/api/open/v1/NfipResidentialPenetrationRates.jsona', 'datasetSize': 'tiny (< 10MB)'}, {'format': 'jsonl', 'accessURL': 'https://www.fema.gov/api/open/v1/NfipResidentialPenetrationRates.jsonl', 'datasetSize': 'tiny (< 10MB)'}, {'format': 'parquet', 'accessURL': 'https://www.fema.gov/api/open/v1/NfipResidentialPenetrationRates.parquet', 'datasetSize': 'tiny (< 10MB)'}]"
openfema-39,NfipCommunityStatusBook,NFIP Community Status Book,"The National Flood Insurance Program (NFIP) enables property owners to purchase flood insurance; in return, communities agree to adopt and implement local floodplain management regulations that contribute to protecting lives and reducing the risk of new construction and substantial improvements from future flooding. The NFIP Community Status Book dataset contains the current NFIP status of a community which determines whether citizens have the opportunity to purchase flood insurance as well as qualify for disaster assistance. In addition, this dataset provides the available insurance discount rates for communities that participate in the Community Rating System (CRS).
This data resides within the NFIP Community Information System (CIS), FEMA's system of record for the FEMA National Flood Insurance Program (NFIP) Floodplain Management Program. CIS is used to manage all information related to NFIP floodplain management, including activities, documentation, correspondence, and other pertinent information.
For static Community Status Reports, see https://www.fema.gov/flood-insurance/work-with-nfip/community-status-book.

Citation: FEMA's citation requirements for datasets (API usage or file downloads) can be found on the OpenFEMA Terms and Conditions page, Citing Data section: https://www.fema.gov/about/openfema/terms-conditions.

For answers to Frequently Asked Questions (FAQs) about the OpenFEMA program, API, and publicly available datasets, please visit: https://www.fema.gov/about/openfema/faq.
If you have media inquiries about this dataset, please email the FEMA Press Office at FEMA-Press-Office@fema.dhs.gov or call (202) 646-3272. For inquiries about FEMA's data and Open Government program, please email the OpenFEMA team at OpenFEMA@fema.dhs.gov.",https://www.fema.gov/api/open/v1/NfipCommunityStatusBook,https://www.fema.gov/openfema-data-page/nfip-community-status-book-v1,"['NFIP', 'Status Book', 'Community Status Book', 'Floodplain Management', 'FPM', 'National Flood Insurance Program', 'Floodplain', 'flood']",2024-11-07T00:00:00.000Z,Federal Emergency Management Agency,OpenFEMA,openfema@fema.gov,public,https://www.fema.gov/floodplain-management,1968-01-01/,True,1,['024:70'],['024:039'],,,,National Flood Insurance Program,true,R/P1D,en-US,,[''],1968-01-01T00:00:00.000Z,,25053,,,,,7b8f6d05763d0c656c524c44438e1d8e8552abe8,2024-11-21T14:40:15.168Z,edccafe8-40f9-472a-84a9-e7cbbab850e2,2025-07-19T15:24:13.754Z,"[{'format': 'csv', 'accessURL': 'https://www.fema.gov/api/open/v1/NfipCommunityStatusBook.csv', 'datasetSize': 'tiny (< 10MB)'}, {'format': 'json', 'accessURL': 'https://www.fema.gov/api/open/v1/NfipCommunityStatusBook.json', 'datasetSize': 'tiny (< 10MB)'}, {'format': 'jsona', 'accessURL': 'https://www.fema.gov/api/open/v1/NfipCommunityStatusBook.jsona', 'datasetSize': 'tiny (< 10MB)'}, {'format': 'jsonl', 'accessURL': 'https://www.fema.gov/api/open/v1/NfipCommunityStatusBook.jsonl', 'datasetSize': 'tiny (< 10MB)'}, {'format': 'parquet', 'accessURL': 'https://www.fema.gov/api/open/v1/NfipCommunityStatusBook.parquet', 'datasetSize': 'tiny (< 10MB)'}]"
openfema-77,NfipCommunityLayerComprehensive,NFIP Community Layer Comprehensive,"This dataset is also known as the 3d layer and contains a fairly comprehensive set of unaltered source geometry polygons that overlap.  It is derived from Census, State of Maine, and National Flood Hazard Layer political boundaries.

The Community Layer datasets contain geospatial community boundaries associated with Census and NFIP data. The dataset does not contain personal identifiable information (PII). The Community Layer can be used to tie Community ID numbers (CID) to jurisdiction, tribal, and special land use area boundaries.

A geodatabase (GDB) link is Included in the Full Data section below. The compressed file contains a collection of files that can store, query, and manage both spatial and nonspatial data using software that can read such a file. It <b>contains all of the community layers</b>, not just the layer for which this dataset page describes. 

Citation: FEMA's citation requirements for datasets (API usage or file downloads) can be found on the OpenFEMA Terms and Conditions page, Citing Data section: https://www.fema.gov/about/openfema/terms-conditions.

For answers to Frequently Asked Questions (FAQs) about the OpenFEMA program, API, and publicly available datasets, please visit: https://www.fema.gov/about/openfema/faq.
If you have media inquiries about this dataset, please email the FEMA Press Office at FEMA-Press-Office@fema.dhs.gov or call (202) 646-3272. For inquiries about FEMA's data and Open Government program, please email the OpenFEMA team at OpenFEMA@fema.dhs.gov.",https://www.fema.gov/api/open/v1/NfipCommunityLayerComprehensive,https://www.fema.gov/openfema-data-page/nfip-community-layer-comprehensive-v1,"['nfip community', 'geospatial', 'census', 'boundaries']",2024-02-22T00:00:00.000Z,Federal Emergency Management Agency,OpenFEMA,openfema@fema.gov,public,https://www.fema.gov/flood-insurance,,True,1,['024:70'],['024:039'],,,,National Flood Insurance Program,true,R/P1Y,en-US,,[''],2024-02-09T00:00:00.000Z,,51943,,,,,51551de69709270cbb3dc05a9da88e92be099c2d,2024-12-05T22:20:23.322Z,0131d365-5a18-47a0-98cb-558149c165ee,2024-12-05T18:09:51.898Z,"[{'format': 'csv', 'accessURL': 'https://www.fema.gov/api/open/v1/NfipCommunityLayerComprehensive.csv', 'datasetSize': 'large (500MB - 10GB)'}, {'format': 'json', 'accessURL': 'https://www.fema.gov/api/open/v1/NfipCommunityLayerComprehensive.json', 'datasetSize': 'large (500MB - 10GB)'}, {'format': 'jsona', 'accessURL': 'https://www.fema.gov/api/open/v1/NfipCommunityLayerComprehensive.jsona', 'datasetSize': 'large (500MB - 10GB)'}, {'format': 'jsonl', 'accessURL': 'https://www.fema.gov/api/open/v1/NfipCommunityLayerComprehensive.jsonl', 'datasetSize': 'large (500MB - 10GB)'}, {'format': 'parquet', 'accessURL': 'https://www.fema.gov/api/open/v1/NfipCommunityLayerComprehensive.parquet', 'datasetSize': 'large (500MB - 10GB)'}, {'format': 'gdb', 'accessURL': 'https://www.fema.gov/about/reports-and-data/openfema/cl2024_v1.gdb.zip', 'datasetSize': 'medium (50MB - 500MB)'}]"
openfema-74,FimaNfipPolicies,FIMA NFIP Redacted Policies,"Congress passed the National Flood Insurance Act (NFIA), 42 U.S.C. 4001 in 1968, creating the National Flood Insurance Program (NFIP) in order to reduce future flood losses through flood hazard identification, floodplain management, and providing insurance protection. The Department of Housing and Urban Development (HUD) originally administered the NFIP, and Congress subsequently transferred the NFIP to FEMA upon its creation in 1979. FEMA and insurance companies participating in FEMA's Write Your Own (WYO) program offer NFIP insurance coverage for building structures as well as for contents and personal property within the building structures to eligible and insurable properties. The WYO program began in 1983 with NFIP operating under Part B of the NFIA and allows FEMA to authorize private insurance companies to issue the Standard Flood Insurance Policy (SFIP) as FEMA's fiduciary and fiscal agent. FEMA administers NFIP by ensuring insurance applications are processed properly; determining correct premiums; renewing, reforming, and cancelling insurance policies; transferring policies from the seller of the property to the purchaser of the property in certain circumstances; and processing insurance claims. 

The paid premiums of SFIPs and claims payments for damaged property are processed through the National Flood Insurance Fund (NFIF). NFIF was established by the National Flood Insurance Act of 1968 (42 U.S.C. 4001, et seq.), and is a centralized premium revenue and fee-generated fund that supports NFIP, which holds these U.S. Treasury funds. 

This dataset provides details on NFIP policy transactions. It is derived from the NFIP system of record, staged in the NFIP reporting platform and redacted to protect policy holder personally identifiable information.

The Flood Insurance Manual (https://nfipservices.floodsmart.gov/insurance-manuals) provides NFIP underwriting policies and processes to enable effective and consistent program implementation. The NFIP has provided answers to Frequently Asked Questions (FAQs) to assist the public in understanding and navigating the data our program makes available:-  https://www.fema.gov/sites/default/files/documents/fema_nfip-data-faqs.pdf.


This dataset represents more than 80,000,000 policy transactions. In order to improve accessibility, we have one compressed file. Due to the file size we recommend using Access, SQL, or another programming/data management tool to visualize and manipulate the data, as Excel will not be able to process files this large without data loss. The dataset will be updated approximately monthly and will have a lag with the system of record. 
 
This dataset is not intended to be an official federal report, and should not be considered an official federal report. 
 
FEMA's terms and conditions and citation requirements for datasets (API usage or file downloads) can be found on the OpenFEMA Terms and Conditions page: https://www.fema.gov/about/openfema/terms-conditions.

For answers to Frequently Asked Questions (FAQs) about the OpenFEMA program, API, and publicly available datasets, please visit: https://www.fema.gov/about/openfema/faq.
If you have media inquiries about this dataset, please email the FEMA Press Office at FEMA-Press-Office@fema.dhs.gov or call (202) 646-3272. For inquiries about FEMA's data and Open Government program, please email the OpenFEMA team at OpenFEMA@fema.dhs.gov.",https://www.fema.gov/api/open/v2/FimaNfipPolicies,https://www.fema.gov/openfema-data-page/fima-nfip-redacted-policies-v2,"['NFIP', 'Flood', 'Insurance', 'Policy', 'Water']",2025-04-01T00:00:00.000Z,Federal Emergency Management Agency,OpenFEMA,openfema@fema.gov,public,https://www.fema.gov/flood-insurance,2009-01-01/,True,2,['024:70'],['024:039'],,,,National Flood Insurance Program,true,R/P1M,en-US,,['https://nfipservices.floodsmart.gov/manuals/jan_2015_consolidated_trrp.pdf'],2019-06-01T00:00:00.000Z,,70460966,,,,,85c6b91e237853b3333b06b4e3ebf5cdef930060,2025-04-01T20:00:37.246Z,3776bead-efe2-4590-84eb-3e000f869701,2025-07-01T15:41:59.674Z,"[{'format': 'csv', 'accessURL': 'https://www.fema.gov/about/reports-and-data/openfema/FimaNfipPolicies.csv', 'datasetSize': 'x-large (> 10GB)'}, {'format': 'parquet', 'accessURL': 'https://www.fema.gov/about/reports-and-data/openfema/FimaNfipPolicies.parquet', 'datasetSize': 'x-large (> 10GB)'}]"
openfema-73,FimaNfipClaims,FIMA NFIP Redacted Claims,"Congress passed the National Flood Insurance Act (NFIA), 42 U.S.C. 4001 in 1968, creating the National Flood Insurance Program (NFIP) in order to reduce future flood losses through flood hazard identification, floodplain management, and providing insurance protection. The Department of Housing and Urban Development (HUD) originally administered the NFIP, and Congress subsequently transferred the NFIP to FEMA upon its creation in 1979. FEMA and insurance companies participating in FEMA's Write Your Own (WYO) program offer NFIP insurance coverage for building structures as well as for contents and personal property within the building structures to eligible and insurable properties. The WYO program began in 1983 with NFIP operating under Part B of the NFIA and allows FEMA to authorize private insurance companies to issue the Standard Flood Insurance Policy (SFIP) as FEMA's fiduciary and fiscal agent. FEMA administers NFIP by ensuring insurance applications are processed properly; determining correct premiums; renewing, reforming, and cancelling insurance policies; transferring policies from the seller of the property to the purchaser of the property in certain circumstances; and processing insurance claims. 

The paid premiums of SFIPs and claims payments for damaged property are processed through the National Flood Insurance Fund (NFIF). NFIF was established by the National Flood Insurance Act of 1968 (42 U.S.C. 4001, et seq.), and is a centralized premium revenue and fee-generated fund that supports NFIP, which holds these U.S. Treasury funds. 

This dataset provides details on NFIP claims transactions. It is derived from the NFIP system of record, staged in the NFIP reporting platform and redacted to protect policy holder personally identifiable information.

The Flood Insurance Claims Manual (https://nfipservices.floodsmart.gov/insurance-manuals) provides claims guidance to WYOs, vendors, adjusters, and examiners so that policyholders experience consistent and reliable service. The Manual provides processes for handling claims from the notice of loss to final payment. The NFIP has provided answers to Frequently Asked Questions (FAQs) to assist the public in understanding and navigating the data our program makes available: https://www.fema.gov/sites/default/files/documents/fema_nfip-data-faqs.pdf.

This dataset represents more than 2,000,000 claims transactions. In order to improve accessibility, we have one compressed file. Due to the file size we recommend using Access, SQL, or another programming/data management tool to visualize and manipulate the data, as Excel will not be able to process files this large without data loss. The dataset will be updated approximately monthly and will have a lag with the system of record. 
 
This dataset is not intended to be an official federal report, and should not be considered an official federal report. 
 
FEMA's terms and conditions and citation requirements for datasets (API usage or file downloads) can be found on the OpenFEMA Terms and Conditions page: https://www.fema.gov/about/openfema/terms-conditions.


For answers to Frequently Asked Questions (FAQs) about the OpenFEMA program, API, and publicly available datasets, please visit: https://www.fema.gov/about/openfema/faq.
If you have media inquiries about this dataset, please email the FEMA Press Office at FEMA-Press-Office@fema.dhs.gov or call (202) 646-3272. For inquiries about FEMA's data and Open Government program, please email the OpenFEMA team at OpenFEMA@fema.dhs.gov.",https://www.fema.gov/api/open/v2/FimaNfipClaims,https://www.fema.gov/openfema-data-page/fima-nfip-redacted-claims-v2,"['NFIP', 'FIMA', 'claims', 'flood insurance']",2023-03-24T00:00:00.000Z,Federal Emergency Management Agency,OpenFEMA,openfema@fema.gov,public,https://www.fema.gov/flood-insurance,1970-08-31/,True,2,['024:70'],['024:039'],,,,National Flood Insurance Program,true,R/P1M,en-US,,['https://nfipservices.floodsmart.gov/manuals/jan_2015_consolidated_trrp.pdf'],2019-06-01T00:00:00.000Z,,2713766,,,,,843979427d2c4cc20e139ce661e6b0476975431f,2024-11-21T14:40:15.168Z,e9343760-d76e-44db-b947-822642353e7f,2025-07-01T14:43:55.809Z,"[{'format': 'csv', 'accessURL': 'https://www.fema.gov/about/reports-and-data/openfema/FimaNfipClaims.csv', 'datasetSize': 'large (500MB - 10GB)'}, {'format': 'parquet', 'accessURL': 'https://www.fema.gov/about/reports-and-data/openfema/FimaNfipClaims.parquet', 'datasetSize': 'medium (50MB - 500GB)'}]"
openfema-76,NfipCommunityLayerNoOverlapsSplit,NFIP Community Layer No Overlaps Split,"This dataset is flattened and multicounty communities are split by county lines. ""Flattened"" means that there are no overlaps; larger shapes like counties are ""punched out"" or ""clipped"" where smaller communities are contained within them. This allows for choropleth shading and other mapping techniques such as calculating unincorporated county land area. Multicounty cities like Houston are split by county lines, allowing easier county summarization and alignment with certain NFIP statistics.  This layer is derived from Census, State of Maine, and National Flood Hazard Layer political boundaries.

The Community Layer datasets contain geospatial community boundaries associated with Census and NFIP data. The dataset does not contain personal identifiable information (PII). The Community Layer can be used to tie Community ID numbers (CID) to jurisdiction, tribal, and special land use area boundaries.

A geodatabase (GDB) link is Included in the Full Data section below. The compressed file contains a collection of files that can store, query, and manage both spatial and nonspatial data using software that can read such a file. It <b>contains all of the community layers</b>, not just the layer for which this dataset page describes. 

Citation: FEMA's citation requirements for datasets (API usage or file downloads) can be found on the OpenFEMA Terms and Conditions page, Citing Data section: https://www.fema.gov/about/openfema/terms-conditions.

For answers to Frequently Asked Questions (FAQs) about the OpenFEMA program, API, and publicly available datasets, please visit: https://www.fema.gov/about/openfema/faq.
If you have media inquiries about this dataset, please email the FEMA Press Office at FEMA-Press-Office@fema.dhs.gov or call (202) 646-3272. For inquiries about FEMA's data and Open Government program, please email the OpenFEMA team at OpenFEMA@fema.dhs.gov.",https://www.fema.gov/api/open/v1/NfipCommunityLayerNoOverlapsSplit,https://www.fema.gov/openfema-data-page/nfip-community-layer-no-overlaps-split-v1,"['nfip community', 'geospatial', 'census', 'boundaries']",2024-02-22T00:00:00.000Z,Federal Emergency Management Agency,OpenFEMA,openfema@fema.gov,public,https://www.fema.gov/flood-insurance,,True,1,['024:70'],['024:039'],,,,National Flood Insurance Program,true,R/P1Y,en-US,,[''],2024-02-09T00:00:00.000Z,,37918,,,,,8db6fcd098f2b2bf16a3dc6b10ccb93543d32010,2024-12-05T22:20:23.322Z,57d33198-ea17-4255-83fe-35742b8f601b,2024-12-05T18:09:57.312Z,"[{'format': 'csv', 'accessURL': 'https://www.fema.gov/api/open/v1/NfipCommunityLayerNoOverlapsSplit.csv', 'datasetSize': 'large (500MB - 10GB)'}, {'format': 'json', 'accessURL': 'https://www.fema.gov/api/open/v1/NfipCommunityLayerNoOverlapsSplit.json', 'datasetSize': 'large (500MB - 10GB)'}, {'format': 'jsona', 'accessURL': 'https://www.fema.gov/api/open/v1/NfipCommunityLayerNoOverlapsSplit.jsona', 'datasetSize': 'large (500MB - 10GB)'}, {'format': 'jsonl', 'accessURL': 'https://www.fema.gov/api/open/v1/NfipCommunityLayerNoOverlapsSplit.jsonl', 'datasetSize': 'large (500MB - 10GB)'}, {'format': 'parquet', 'accessURL': 'https://www.fema.gov/api/open/v1/NfipCommunityLayerNoOverlapsSplit.parquet', 'datasetSize': 'large (500MB - 10GB)'}, {'format': 'gdb', 'accessURL': 'https://www.fema.gov/about/reports-and-data/openfema/cl2024_v1.gdb.zip', 'datasetSize': 'medium (50MB - 500MB)'}]"
openfema-75,NfipCommunityLayerNoOverlapsWhole,NFIP Community Layer No Overlaps Whole,"This dataset is flattened and multicounty communities are unsplit by county lines. ""Flattened"" means that there are no overlaps; larger shapes like counties are ""punched out"" or ""clipped"" where smaller communities are contained within them. This allows for choropleth shading and other mapping techniques such as calculating unincorporated county land area.  Multicounty cities like Houston are a single feature, undivided by counties.  This layer is derived from Census, State of Maine, and National Flood Hazard Layer political boundaries.

The Community Layer datasets contain geospatial community boundaries associated with Census and NFIP data. The dataset does not contain personal identifiable information (PII). The Community Layer can be used to tie Community ID numbers (CID) to jurisdiction, tribal, and special land use area boundaries.

A geodatabase (GDB) link is Included in the Full Data section below. The compressed file contains a collection of files that can store, query, and manage both spatial and nonspatial data using software that can read such a file. It <b>contains all of the community layers</b>, not just the layer for which this dataset page describes. 
This layer can also be accessed from the FEMA ArcGIS viewer online: https://fema.maps.arcgis.com/home/item.html?id=8dcf28fc5b97404bbd9d1bc6d3c9b3cf


Citation: FEMA's citation requirements for datasets (API usage or file downloads) can be found on the OpenFEMA Terms and Conditions page, Citing Data section: https://www.fema.gov/about/openfema/terms-conditions.

For answers to Frequently Asked Questions (FAQs) about the OpenFEMA program, API, and publicly available datasets, please visit: https://www.fema.gov/about/openfema/faq.
If you have media inquiries about this dataset, please email the FEMA Press Office at FEMA-Press-Office@fema.dhs.gov or call (202) 646-3272. For inquiries about FEMA's data and Open Government program, please email the OpenFEMA team at OpenFEMA@fema.dhs.gov.",https://www.fema.gov/api/open/v1/NfipCommunityLayerNoOverlapsWhole,https://www.fema.gov/openfema-data-page/nfip-community-layer-no-overlaps-whole-v1,"['nfip community', 'geospatial', 'census', 'boundaries']",2024-02-22T00:00:00.000Z,Federal Emergency Management Agency,OpenFEMA,openfema@fema.gov,public,https://www.fema.gov/flood-insurance,,True,1,['024:70'],['024:039'],,,,National Flood Insurance Program,true,R/P1Y,en-US,,[''],2024-02-09T00:00:00.000Z,,29898,,,,,7bdabebd0a0805adbb76fee3ca61bbd4a5f5c0b7,2024-12-05T22:20:23.322Z,e2c2268c-7a3c-4ce1-830e-ac5f735ee44c,2024-12-05T18:10:50.474Z,"[{'format': 'csv', 'accessURL': 'https://www.fema.gov/api/open/v1/NfipCommunityLayerNoOverlapsWhole.csv', 'datasetSize': 'large (500MB - 10GB)'}, {'format': 'json', 'accessURL': 'https://www.fema.gov/api/open/v1/NfipCommunityLayerNoOverlapsWhole.json', 'datasetSize': 'large (500MB - 10GB)'}, {'format': 'jsona', 'accessURL': 'https://www.fema.gov/api/open/v1/NfipCommunityLayerNoOverlapsWhole.jsona', 'datasetSize': 'large (500MB - 10GB)'}, {'format': 'jsonl', 'accessURL': 'https://www.fema.gov/api/open/v1/NfipCommunityLayerNoOverlapsWhole.jsonl', 'datasetSize': 'large (500MB - 10GB)'}, {'format': 'parquet', 'accessURL': 'https://www.fema.gov/api/open/v1/NfipCommunityLayerNoOverlapsWhole.parquet', 'datasetSize': 'large (500MB - 10GB)'}, {'format': 'gdb', 'accessURL': 'https://www.fema.gov/about/reports-and-data/openfema/cl2024_v1.gdb.zip', 'datasetSize': 'medium (50MB - 500MB)'}]"
